,test_mae,test_std,train_mae,improvement,overfit_ratio
Full Combined (quadratic),0.8315144197634355,0.0,0.9024237486508611,44.00334745888857,0.9214234676409656
Multiplicative,1.006342131187737,0.0,0.9067626108005682,32.22992973034277,10.981873226913425
Parameter Opt,1.4354366671761294,0.0,1.1642200897935362,3.3334282771661323,23.295988426955503
Baseline SRK/T2,1.4849359417564418,0.0,,0.0,
Additive (quadratic),1.5812873508439054,0.0,1.27210855189172,-6.488590273698623,1.2430443522232546
Param+Mult,,,,,
